1,CYLINDER1,5.6,7.1
2,SPHERE1,6.75
2,SPHERE2,7.0
0,CUBOID1,5.1,3.4,7.8
0,CUBOID2,0.04,20.6,19.8
2,SPHERE3,7.0
2,SPHERE4,5.5
1,CYLINDER2,6.8,10.0
1,CYLINDER3,4.5,20
1,CYLINDER4,2.5,30
0,CUBOID3,7.8,4.6,9.0
3,UNKNOWN SHAPE ERROR,5.6,2.3
2,SPHERE LOW DIMENSION ERROR
2,SPHERE NEG DIMENSION ERROR,-7.5
2,SPHERE NOT A NUMBER ERROR,9.1yt
0,CUBOID LOW DIMENSION ERROR,5.1,3.4
0,CUBOID NEG DIMENSION ERROR 1,-5.1,3.4,7.8
0,CUBOID NEG DIMENSION ERROR 2,5.1,-3.4,7.8
0,CUBOID NEG DIMENSION ERROR 3,5.1,3.4,-7.8
0,CUBOID NOT A NUMBER ERROR 1,5..1,3.4,7.8
0,CUBOID NOT A NUMBER ERROR 2,5.1,3.4x,7.8
0,CUBOID NOT A NUMBER ERROR 3,5.1,3.4,7-.8
1,CYLINDER LOW DIMENSION ERROR
1,CYLINDER NEG DIMENSION ERROR 1,-4.5,20
1,CYLINDER NEG DIMENSION ERROR 2,4.5,-20
1,CYLINDER NOT A NUMBER ERROR 1,--4.5,20
1,CYLINDER NOT A NUMBER ERROR 2,4.5,-x20